Country,Subject Descriptor,Units,Scale,Country/Series-specific Notes,2006,2007,2008,2009,2010,2011,2012,2013,2014,2015,2016,2017,2018,2019,2020
Afghanistan,"Gross domestic product, constant prices",National currency,Billions,,235.731,267.177,277.498,334.621,362.857,386.368,440.336,457.654,463.520,470.313,479.800,494.431,511.815,532.369,553.637
Albania,"Gross domestic product, constant prices",National currency,Billions,,571.229,604.961,650.553,672.375,697.299,715.048,725.182,733.251,748.075,767.819,794.177,824.169,857.974,893.524,930.536
Algeria,"Gross domestic product, constant prices",National currency,Billions,,"5,374.350","5,555.620","5,686.740","5,779.561","5,988.556","6,157.823","6,360.983","6,539.091","6,787.576","7,041.221","7,278.504","7,492.391","7,689.829","7,907.075","8,151.600"
Angola,"Gross domestic product, constant prices",National currency,Billions,,906.460,"1,111.257","1,264.801","1,295.319","1,339.459","1,391.947","1,463.708","1,563.439","1,638.554","1,687.673","1,730.101","1,776.781","1,834.460","1,901.690","1,981.692"
Antigua and Barbuda,"Gross domestic product, constant prices",National currency,Billions,,2.647,2.834,2.878,2.571,2.351,2.308,2.391,2.428,2.530,2.584,2.636,2.699,2.772,2.847,2.923
Argentina,"Gross domestic product, constant prices",National currency,Billions,,634.283,684.807,705.865,706.218,772.967,837.791,844.508,868.875,872.816,883.304,874.407,898.682,924.825,950.466,976.894
Armenia,"Gross domestic product, constant prices",National currency,Billions,,"2,538.896","2,887.974","3,088.621","2,651.584","2,709.916","2,837.273","3,039.694","3,140.004","3,250.929","3,348.610","3,411.779","3,497.074","3,601.986","3,728.055","3,858.537"
Australia,"Gross domestic product, constant prices",National currency,Billions,,"1,290.217","1,348.119","1,383.528","1,407.899","1,440.240","1,478.804","1,531.225","1,562.388","1,603.253","1,642.994","1,683.541","1,734.080","1,786.579","1,839.136","1,890.344"
Austria,"Gross domestic product, constant prices",National currency,Billions,,285.548,295.889,300.468,289.053,294.628,302.901,305.195,306.175,307.257,309.949,313.803,318.127,322.106,325.718,329.320
Azerbaijan,"Gross domestic product, constant prices",National currency,Billions,,13.389,16.736,18.544,20.268,21.273,21.293,21.754,23.016,23.661,23.921,23.206,23.435,23.950,24.498,25.100
The Bahamas,"Gross domestic product, constant prices",National currency,Billions,,7.966,8.081,7.893,7.563,7.680,7.727,7.898,7.900,7.981,8.019,8.139,8.261,8.447,8.636,8.766
Bahrain,"Gross domestic product, constant prices",National currency,Billions,,7.854,8.506,9.037,9.266,9.668,9.871,10.226,10.779,11.262,11.617,11.869,12.108,12.333,12.564,12.841
Bangladesh,"Gross domestic product, constant prices",National currency,Billions,,"4,874.747","5,192.503","5,478.886","5,770.085","6,118.032","6,515.325","6,923.153","7,341.175","7,803.090","8,302.617","8,847.073","9,457.812","10,119.858","10,828.248","11,558.240"
Barbados,"Gross domestic product, constant prices",National currency,Billions,,1.117,1.136,1.141,1.095,1.098,1.106,1.109,1.109,1.111,1.116,1.140,1.166,1.190,1.214,1.238
Belarus,"Gross domestic product, constant prices",National currency,Billions,,"114,491.280","124,438.152","137,246.557","137,442.200","148,081.300","156,290.500","158,996.500","160,624.600","163,175.000","156,820.481","152,654.592","153,225.572","154,528.242","156,134.531","157,868.933"
Belgium,"Gross domestic product, constant prices",National currency,Billions,,368.421,380.938,383.784,375.015,385.121,392.041,392.634,392.699,397.994,403.449,408.133,413.798,419.938,426.138,432.359
Belize,"Gross domestic product, constant prices",National currency,Billions,,2.255,2.280,2.353,2.370,2.449,2.500,2.596,2.636,2.730,2.770,2.839,2.915,2.992,3.067,3.142
Benin,"Gross domestic product, constant prices",National currency,Billions,,"2,699.300","2,860.800","3,001.000","3,070.800","3,135.600","3,228.400","3,378.500","3,610.700","3,846.900","4,047.229","4,249.590","4,470.554","4,711.892","4,966.158","5,243.872"
Bhutan,"Gross domestic product, constant prices",National currency,Billions,,29.868,33.623,37.238,39.369,43.041,47.375,50.411,52.884,56.275,60.589,65.676,71.322,79.335,85.392,90.939
Bolivia,"Gross domestic product, constant prices",National currency,Billions,,27.279,28.524,30.278,31.294,32.586,34.281,36.037,38.487,40.588,42.536,44.153,45.698,47.298,48.953,50.666
Bosnia and Herzegovina,"Gross domestic product, constant prices",National currency,Billions,,22.662,24.017,25.360,25.154,25.346,25.577,25.338,25.945,26.225,26.960,27.768,28.657,29.717,30.876,32.111
Botswana,"Gross domestic product, constant prices",National currency,Billions,,59.107,64.001,67.996,62.793,68.170,72.293,75.515,82.961,85.620,85.330,88.481,92.284,96.362,101.135,105.474
Brazil,"Gross domestic product, constant prices",National currency,Billions,,961.434,"1,019.815","1,071.762","1,070.410","1,150.999","1,196.006","1,218.915","1,255.667","1,256.965","1,208.605","1,162.697","1,162.596","1,174.800","1,197.778","1,221.943"
Brunei Darussalam,"Gross domestic product, constant prices",National currency,Billions,,18.896,18.919,18.544,18.207,18.690,19.390,19.567,19.151,18.702,18.663,18.285,18.841,20.326,22.926,24.962
Bulgaria,"Gross domestic product, constant prices",National currency,Billions,,67.679,72.873,76.989,73.740,73.780,74.949,75.126,76.090,77.268,79.562,81.391,83.263,85.262,87.308,89.578
Burkina Faso,"Gross domestic product, constant prices",National currency,Billions,,"2,734.300","2,846.631","3,011.736","3,100.942","3,362.856","3,585.710","3,817.084","4,067.347","4,230.259","4,399.512","4,620.235","4,883.724","5,176.148","5,486.717","5,815.920"
Burundi,"Gross domestic product, constant prices",National currency,Billions,,"1,273.656","1,317.622","1,381.681","1,434.361","1,507.860","1,568.666","1,638.420","1,712.897","1,792.736","1,719.075","1,778.322","1,847.994","1,928.573","2,023.660","2,127.767"
Cabo Verde,"Gross domestic product, constant prices",National currency,Billions,,111.679,121.974,130.086,128.453,130.343,135.519,136.948,138.339,140.887,143.406,147.500,152.729,159.363,166.421,173.729
Cambodia,"Gross domestic product, constant prices",National currency,Billions,,"24,379.725","26,869.523","28,667.518","28,692.371","30,403.320","32,552.704","34,933.396","37,528.213","40,182.031","42,963.628","45,956.788","49,152.808","52,572.681","56,200.897","60,099.679"
Cameroon,"Gross domestic product, constant prices",National currency,Billions,,"8,188.200","8,454.888","8,698.794","8,866.811","9,156.690","9,535.820","9,974.291","10,528.100","11,152.089","11,806.934","12,380.562","12,953.941","13,596.301","14,232.283","14,893.932"
Canada,"Gross domestic product, constant prices",National currency,Billions,,"1,541.730","1,573.532","1,589.273","1,542.396","1,589.956","1,639.900","1,668.524","1,705.533","1,747.709","1,768.242","1,793.910","1,828.223","1,865.817","1,903.481","1,941.551"
Central African Republic,"Gross domestic product, constant prices",National currency,Billions,,739.072,773.125,789.006,802.492,826.941,854.236,889.369,568.777,574.524,599.281,633.688,671.347,711.926,747.852,777.609
Chad,"Gross domestic product, constant prices",National currency,Billions,,"3,528.630","3,644.070","3,755.312","3,913.343","4,444.010","4,447.692","4,842.736","5,118.498","5,471.315","5,568.132","5,545.679","5,634.515","5,924.389","6,411.101","6,631.703"
Chile,"Gross domestic product, constant prices",National currency,Billions,,"86,400.966","90,899.462","93,851.045","92,835.878","98,172.698","103,857.107","109,616.506","114,034.728","116,123.396","118,526.540","120,348.022","122,875.330","126,192.964","130,003.992","134,164.120"
China,"Gross domestic product, constant prices",National currency,Billions,,"26,894.816","30,713.880","33,662.413","36,759.355","40,658.091","44,503.154","47,929.897","51,620.499","55,388.796","59,210.623","63,053.374","66,962.683","70,980.444","75,239.270","79,753.627"
Colombia,"Gross domestic product, constant prices",National currency,Billions,,"362,938.000","387,983.000","401,744.000","408,379.000","424,599.000","452,578.000","470,880.000","493,831.000","515,489.000","531,376.000","544,669.936","560,838.559","581,704.829","605,841.570","631,590.043"
Comoros,"Gross domestic product, constant prices",National currency,Billions,,125.161,125.776,127.002,129.301,131.954,134.893,138.886,143.773,146.577,148.093,151.288,156.324,162.546,169.048,175.810
Democratic Republic of the Congo,"Gross domestic product, constant prices",National currency,Billions,,"5,971.770","6,345.369","6,740.670","6,933.087","7,425.890","7,936.345","8,498.839","9,219.707","10,065.141","10,844.727","11,379.406","11,957.277","12,621.649","13,448.413","14,243.151"
Republic of Congo,"Gross domestic product, constant prices",National currency,Billions,,"1,138.000","1,119.994","1,182.403","1,270.716","1,381.817","1,428.938","1,483.417","1,532.700","1,637.667","1,678.827","1,752.559","1,827.336","1,877.869","1,910.179","1,931.178"
Costa Rica,"Gross domestic product, constant prices",National currency,Billions,,"18,457.741","19,922.426","20,466.631","20,258.747","21,262.431","22,223.013","23,371.406","23,781.789","24,487.035","25,386.833","26,465.774","27,590.569","28,804.554","30,028.748","31,229.898"
Côte d'Ivoire,"Gross domestic product, constant prices",National currency,Billions,,"10,639.400","10,827.189","11,102.507","11,463.500","11,694.792","11,181.711","12,375.256","13,451.904","14,516.636","15,765.937","17,112.317","18,474.911","19,883.187","21,341.155","22,851.470"
Croatia,"Gross domestic product, constant prices",National currency,Billions,,335.780,353.073,360.324,333.719,328.040,327.118,319.962,316.559,315.417,320.605,326.696,333.557,340.895,348.736,356.757
Cyprus,"Gross domestic product, constant prices",National currency,Billions,,15.397,16.156,16.746,16.407,16.631,16.698,16.289,15.321,14.939,15.176,15.418,15.722,16.073,16.415,16.716
Czech Republic,"Gross domestic product, constant prices",National currency,Billions,,"3,747.206","3,954.399","4,061.601","3,864.947","3,953.651","4,031.404","3,995.109","3,974.008","4,052.620","4,223.446","4,330.930","4,433.057","4,530.582","4,629.719","4,731.573"
Denmark,"Gross domestic product, constant prices",National currency,Billions,,"1,862.900","1,878.200","1,864.800","1,769.900","1,798.600","1,819.400","1,818.000","1,813.600","1,836.500","1,857.800","1,887.482","1,921.282","1,959.714","2,000.934","2,043.113"
Djibouti,"Gross domestic product, constant prices",National currency,Billions,,81.512,85.601,90.571,92.035,95.852,102.842,107.822,113.213,120.006,127.807,136.114,145.642,155.837,166.746,176.750
Dominica,"Gross domestic product, constant prices",National currency,Billions,,1.054,1.121,1.200,1.186,1.194,1.194,1.179,1.186,1.232,1.178,1.236,1.279,1.314,1.343,1.366
Dominican Republic,"Gross domestic product, constant prices",National currency,Billions,,"1,341.490","1,455.253","1,501.002","1,515.048","1,640.830","1,687.116","1,731.479","1,814.204","1,947.383","2,083.700","2,196.219","2,295.049","2,398.326","2,506.251","2,619.032"
Ecuador,"Gross domestic product, constant prices",National currency,Billions,,49.915,51.008,54.250,54.558,56.481,60.925,64.362,67.293,69.766,69.780,66.642,63.784,63.223,63.596,63.269
Egypt,"Gross domestic product, constant prices",National currency,Billions,,"1,260.858","1,350.225","1,446.851","1,514.471","1,592.424","1,620.524","1,656.600","1,691.400","1,728.700","1,801.200","1,859.843","1,938.995","2,026.952","2,125.173","2,230.063"
El Salvador,"Gross domestic product, constant prices",National currency,Billions,,8.790,9.127,9.243,8.954,9.076,9.277,9.452,9.626,9.814,10.050,10.301,10.569,10.812,11.028,11.249
Equatorial Guinea,"Gross domestic product, constant prices",National currency,Billions,,"4,781.652","5,367.528","5,899.363","5,631.844","5,416.424","5,523.434","5,840.879","5,460.783","5,445.258","4,781.271","4,428.584","4,343.435","4,271.341","4,200.604","4,127.208"
Eritrea,"Gross domestic product, constant prices",National currency,Billions,,16.717,16.955,15.297,15.890,16.238,17.647,18.886,19.462,20.433,21.409,22.194,22.915,23.752,24.608,25.539
Estonia,"Gross domestic product, constant prices",National currency,Billions,,16.530,17.810,16.845,14.365,14.718,15.835,16.655,16.916,17.408,17.594,17.982,18.485,19.082,19.706,20.374
Ethiopia,"Gross domestic product, constant prices",National currency,Billions,,282.356,315.659,350.972,386.215,427.026,475.648,517.027,568.432,627.065,691.025,721.784,772.216,830.075,892.691,960.030
Fiji,"Gross domestic product, constant prices",National currency,Billions,,5.493,5.446,5.502,5.425,5.588,5.739,5.820,6.095,6.418,6.694,6.861,7.129,7.407,7.673,7.950
Finland,"Gross domestic product, constant prices",National currency,Billions,,186.930,196.623,198.040,181.664,187.100,191.910,189.173,187.739,186.427,187.231,188.938,190.956,193.497,196.434,199.610
France,"Gross domestic product, constant prices",National currency,Billions,,"1,968.919","2,015.415","2,019.351","1,959.955","1,998.481","2,040.034","2,043.761","2,057.178","2,060.872","2,084.300","2,108.120","2,135.417","2,167.158","2,204.703","2,244.094"
Gabon,"Gross domestic product, constant prices",National currency,Billions,,"3,688.998","3,922.615","3,990.574","3,899.623","4,144.146","4,438.038","4,671.083","4,934.458","5,147.374","5,353.929","5,524.306","5,772.968","6,044.216","6,342.113","6,657.194"
The Gambia,"Gross domestic product, constant prices",National currency,Billions,,17.411,18.043,19.078,20.308,21.634,20.704,21.864,22.911,22.861,23.861,24.412,25.222,26.421,27.782,29.297
Georgia,"Gross domestic product, constant prices",National currency,Billions,,9.375,10.555,10.810,10.415,11.066,11.865,12.619,13.046,13.649,14.026,14.370,15.020,15.776,16.557,17.387
Germany,"Gross domestic product, constant prices",National currency,Billions,,"2,511.250","2,596.210","2,617.120","2,471.470","2,568.980","2,664.490","2,680.830","2,691.720","2,734.260","2,773.910","2,814.300","2,859.986","2,898.832","2,937.678","2,974.930"
Ghana,"Gross domestic product, constant prices",National currency,Billions,,18.705,19.518,21.304,22.336,24.100,27.486,30.040,32.237,33.522,34.691,36.263,39.054,41.372,43.924,46.275
Greece,"Gross domestic product, constant prices",National currency,Billions,,242.772,250.719,249.879,239.133,226.031,205.389,190.395,184.306,185.511,185.082,184.015,188.913,194.781,200.219,204.945
Grenada,"Gross domestic product, constant prices",National currency,Billions,,1.886,2.002,2.021,1.887,1.878,1.892,1.870,1.914,2.023,2.116,2.179,2.233,2.288,2.346,2.404
Guatemala,"Gross domestic product, constant prices",National currency,Billions,,175.691,186.767,192.895,193.910,199.474,207.776,213.947,221.858,231.286,240.537,250.159,259.915,269.532,279.774,290.685
Guinea,"Gross domestic product, constant prices",National currency,Billions,,"7,390.912","7,520.821","7,892.119","7,870.006","8,022.386","8,333.876","8,651.062","8,850.730","8,946.283","8,959.274","9,322.774","9,824.602","10,397.967","11,079.212","11,777.283"
Guinea-Bissau,"Gross domestic product, constant prices",National currency,Billions,,316.663,326.811,337.295,348.474,363.837,397.876,390.722,393.927,403.937,423.313,443.631,465.811,489.114,513.566,539.242
Guyana,"Gross domestic product, constant prices",National currency,Billions,,262.880,281.335,286.896,296.417,309.373,326.194,341.905,359.758,373.576,384.878,397.998,411.745,427.101,442.523,457.370
Haiti,"Gross domestic product, constant prices",National currency,Billions,,13.071,13.508,13.622,14.042,13.270,14.003,14.407,15.019,15.432,15.586,15.937,16.455,17.031,17.627,18.244
Honduras,"Gross domestic product, constant prices",National currency,Billions,,142.678,151.508,157.919,154.079,159.828,165.958,172.810,177.634,183.115,189.771,196.413,203.680,211.420,219.877,228.672
Hong Kong SAR,"Gross domestic product, constant prices",National currency,Billions,,"1,718.224","1,829.304","1,868.230","1,822.289","1,945.617","2,039.291","2,073.965","2,138.010","2,194.573","2,246.377","2,294.684","2,350.718","2,412.660","2,479.570","2,553.560"
Hungary,"Gross domestic product, constant prices",National currency,Billions,,"23,314.078","23,413.354","23,609.873","22,061.283","22,225.242","22,615.851","22,233.893","22,654.062","23,485.969","24,176.202","24,732.255","25,338.195","25,946.312","26,517.130","27,073.990"
Iceland,"Gross domestic product, constant prices",National currency,Billions,,"1,099.274","1,203.626","1,221.426","1,164.248","1,122.467","1,144.783","1,159.050","1,209.918","1,233.558","1,282.372","1,336.860","1,379.092","1,412.931","1,451.346","1,489.374"
India,"Gross domestic product, constant prices",National currency,Billions,,"60,041.170","65,926.042","68,491.155","74,299.105","81,922.174","87,360.400","92,268.800","98,394.300","105,521.500","113,262.444","121,704.749","130,825.751","140,765.888","151,591.156","163,233.410"
Indonesia,"Gross domestic product, constant prices",National currency,Billions,,"5,393,753.000","5,735,987.800","6,162,847.000","6,452,609.800","6,864,133.100","7,287,635.300","7,727,083.400","8,156,497.800","8,566,271.200","8,976,931.500","9,416,817.179","9,915,912.985","10,461,286.331","11,068,049.516","11,732,149.833"
Islamic Republic of Iran,"Gross domestic product, constant prices",National currency,Billions,,"1,743,023.453","1,901,920.389","1,919,488.347","1,963,918.917","2,093,092.618","2,171,578.027","2,028,064.942","1,989,297.000","2,075,699.000","2,076,363.690","2,158,533.605","2,239,259.632","2,325,188.424","2,420,318.331","2,519,442.203"
Iraq,"Gross domestic product, constant prices",National currency,Billions,,"109,389.941","111,455.813","120,626.517","124,702.848","132,687.029","142,700.217","162,587.533","173,273.046","169,602.659","173,667.141","186,091.883","192,189.202","200,181.318","208,817.641","218,673.437"
Ireland,"Gross domestic product, constant prices",National currency,Billions,,176.012,185.768,181.751,171.503,172.187,176.643,176.910,179.448,188.778,203.524,213.645,221.422,228.504,234.809,241.237
Israel,"Gross domestic product, constant prices",National currency,Billions,,749.591,795.579,819.919,830.321,876.130,920.201,946.702,977.481,"1,002.450","1,028.344","1,057.625","1,089.546","1,121.906","1,154.985","1,188.352"
Italy,"Gross domestic product, constant prices",National currency,Billions,,"1,662.638","1,687.143","1,669.421","1,577.903","1,604.515","1,613.767","1,568.274","1,540.858","1,535.570","1,547.233","1,561.998","1,579.958","1,596.390","1,613.152","1,628.316"
Jamaica,"Gross domestic product, constant prices",National currency,Billions,,756.328,767.251,760.966,735.015,724.325,734.642,730.829,732.255,736.133,744.182,760.599,779.981,801.139,823.096,845.530
Japan,"Gross domestic product, constant prices",National currency,Billions,,"512,452.000","523,685.800","518,230.900","489,588.400","512,654.700","510,325.900","519,216.700","526,261.100","526,095.700","528,583.000","531,150.831","530,842.754","532,773.000","536,478.458","540,236.014"
Jordan,"Gross domestic product, constant prices",National currency,Billions,,7.977,8.629,9.253,9.760,9.985,10.244,10.515,10.813,11.148,11.426,11.792,12.228,12.717,13.226,13.755
Kazakhstan,"Gross domestic product, constant prices",National currency,Billions,,"11,799.627","12,849.794","13,273.837","13,433.123","14,413.741","15,494.772","16,269.510","17,245.681","17,987.245","18,195.174","18,219.656","18,410.932","18,743.459","19,148.900","19,793.049"
Kenya,"Gross domestic product, constant prices",National currency,Billions,,"2,588.279","2,765.596","2,772.019","2,863.688","3,104.303","3,294.026","3,444.066","3,639.939","3,833.877","4,048.282","4,290.444","4,553.450","4,847.460","5,160.635","5,497.855"
Kiribati,"Gross domestic product, constant prices",National currency,Billions,,0.144,0.147,0.145,0.145,0.143,0.143,0.151,0.160,0.163,0.170,0.175,0.179,0.184,0.188,0.193
Korea,"Gross domestic product, constant prices",National currency,Billions,,"1,087,876.300","1,147,311.400","1,179,771.300","1,188,118.400","1,265,308.000","1,311,892.700","1,341,966.400","1,380,832.700","1,426,540.300","1,463,506.200","1,502,552.952","1,545,646.781","1,593,177.913","1,641,893.435","1,691,995.988"
Kosovo,"Gross domestic product, constant prices",National currency,Billions,,4.093,4.433,4.632,4.799,4.958,5.175,5.320,5.500,5.568,5.751,5.947,6.201,6.456,6.691,6.959
Kuwait,"Gross domestic product, constant prices",National currency,Billions,,33.569,35.580,36.462,33.882,33.079,36.587,39.392,39.804,39.815,40.174,41.138,42.209,43.311,44.532,45.791
Kyrgyz Republic,"Gross domestic product, constant prices",National currency,Billions,,26.314,28.562,30.723,31.614,31.465,33.339,33.039,36.520,37.835,39.148,40.524,41.635,43.894,46.039,48.666
Lao P.D.R.,"Gross domestic product, constant prices",National currency,Billions,,"23,313.598","25,141.967","27,099.194","29,132.162","31,500.910","34,033.736","36,721.861","39,647.854","42,590.200","45,575.761","48,946.175","52,561.182","56,472.131","60,595.437","65,030.228"
Latvia,"Gross domestic product, constant prices",National currency,Billions,,20.514,22.557,21.746,18.626,17.921,19.035,19.797,20.395,20.876,21.448,22.135,22.941,23.842,24.789,25.772
Lebanon,"Gross domestic product, constant prices",National currency,Billions,,"40,300.764","44,089.036","48,101.138","53,055.556","57,300.000","57,815.700","59,434.540","60,920.403","62,138.811","62,760.199","63,387.801","64,655.557","66,271.946","68,260.105","70,307.908"
Lesotho,"Gross domestic product, constant prices",National currency,Billions,,8.642,9.073,9.538,9.969,10.654,11.136,11.724,12.143,12.562,12.872,13.202,13.745,14.432,15.000,15.593
Liberia,"Gross domestic product, constant prices",National currency,Billions,,0.529,0.596,0.632,0.664,0.705,0.757,0.819,0.890,0.896,0.897,0.919,0.962,1.014,1.075,1.163
Libya,"Gross domestic product, constant prices",National currency,Billions,,41.843,44.501,45.688,45.327,47.603,18.053,36.916,31.913,24.244,22.697,22.235,24.955,26.766,29.244,33.187
Lithuania,"Gross domestic product, constant prices",National currency,Billions,,28.394,31.542,32.371,27.575,28.028,29.722,30.862,31.956,32.925,33.450,34.364,35.443,36.646,37.974,39.332
Luxembourg,"Gross domestic product, constant prices",National currency,Billions,,36.776,39.863,39.527,37.402,39.525,40.540,40.197,41.944,43.651,45.625,47.212,48.828,50.375,51.890,53.445
Macao SAR,"Gross domestic product, constant prices",National currency,Billions,,185.550,212.357,219.564,222.465,278.668,339.063,370.357,411.839,408.330,325.240,301.933,303.954,307.520,312.771,318.391
FYR Macedonia,"Gross domestic product, constant prices",National currency,Billions,,324.292,345.285,364.179,362.873,375.061,383.837,382.086,393.263,407.187,422.112,437.308,453.051,469.814,487.197,505.711
Madagascar,"Gross domestic product, constant prices",National currency,Billions,,"6,216.187","6,615.266","7,091.999","6,756.813","6,774.586","6,873.124","7,081.204","7,241.489","7,481.601","7,708.505","8,027.756","8,385.426","8,787.899","9,227.396","9,688.765"
Malawi,"Gross domestic product, constant prices",National currency,Billions,,766.813,840.427,904.633,979.972,"1,047.336","1,098.174","1,118.883","1,177.065","1,244.158","1,280.860","1,319.286","1,372.058","1,433.800","1,505.490","1,588.292"
Malaysia,"Gross domestic product, constant prices",National currency,Billions,,696.070,739.915,775.669,763.928,821.435,864.920,912.261,955.260,"1,012.505","1,062.647","1,109.403","1,162.655","1,218.462","1,278.167","1,342.075"
Maldives,"Gross domestic product, constant prices",National currency,Billions,,16.647,18.340,20.664,19.564,20.966,22.792,23.361,24.459,26.044,26.542,27.482,28.551,29.854,31.244,32.734
Mali,"Gross domestic product, constant prices",National currency,Billions,,"3,111.007","3,219.693","3,373.382","3,531.224","3,722.386","3,843.000","3,810.866","3,898.652","4,191.377","4,448.116","4,671.197","4,914.109","5,148.419","5,379.494","5,622.662"
Malta,"Gross domestic product, constant prices",National currency,Billions,,6.084,6.324,6.533,6.371,6.597,6.724,6.916,7.196,7.465,7.938,8.223,8.472,8.724,8.969,9.221
Marshall Islands,"Gross domestic product, constant prices",National currency,Billions,,0.142,0.140,0.137,0.146,0.148,0.154,0.156,0.155,0.156,0.159,0.162,0.164,0.167,0.170,0.172
Mauritania,"Gross domestic product, constant prices",National currency,Billions,,629.343,647.077,654.065,647.249,678.147,710.047,751.195,799.474,852.030,868.286,904.239,939.214,954.783,991.169,"1,030.182"
Mauritius,"Gross domestic product, constant prices",National currency,Billions,,213.444,226.017,238.473,245.744,255.820,265.762,274.343,283.083,293.323,303.220,314.699,327.104,340.001,353.522,367.700
Mexico,"Gross domestic product, constant prices",National currency,Billions,,"11,718.672","12,087.602","12,256.863","11,680.750","12,277.659","12,774.243","13,287.534","13,466.300","13,769.334","14,120.021","14,460.410","14,832.490","15,243.339","15,687.393","16,171.992"
Micronesia,"Gross domestic product, constant prices",National currency,Billions,,0.244,0.239,0.234,0.236,0.245,0.249,0.248,0.239,0.231,0.230,0.233,0.234,0.236,0.238,0.239
Moldova,"Gross domestic product, constant prices",National currency,Billions,,8.435,8.688,9.369,8.808,9.433,10.076,10.002,10.942,11.466,11.340,11.397,11.682,12.079,12.526,13.002
Mongolia,"Gross domestic product, constant prices",National currency,Billions,,"7,917.287","8,610.585","9,283.840","9,091.713","9,756.588","11,443.578","12,853.407","14,350.689","15,482.273","15,837.660","15,901.941","16,305.374","17,232.894","18,590.789","20,536.146"
Montenegro,"Gross domestic product, constant prices",National currency,Billions,,2.149,2.379,2.543,2.398,2.457,2.537,2.467,2.555,2.601,2.707,2.832,2.904,2.977,3.041,3.156
Morocco,"Gross domestic product, constant prices",National currency,Billions,,625.440,647.530,685.885,714.992,742.274,781.212,804.726,842.752,863.122,901.672,922.016,960.021,"1,002.335","1,048.528","1,098.233"
Mozambique,"Gross domestic product, constant prices",National currency,Billions,,243.966,264.172,282.337,300.270,320.351,343.153,367.854,394.123,423.423,450.099,477.105,509.548,549.802,591.588,635.957
Myanmar,"Gross domestic product, constant prices",National currency,Billions,,"30,952.053","34,663.650","35,911.541","37,758.674","39,776.765","42,000.876","45,080.662","48,879.914","53,132.343","56,867.981","61,781.242","66,541.382","71,704.203","77,175.353","83,086.231"
Namibia,"Gross domestic product, constant prices",National currency,Billions,,35.573,36.870,37.847,37.959,40.251,42.300,44.443,46.967,49.960,52.208,54.395,57.576,60.991,64.230,67.168
Nepal,"Gross domestic product, constant prices",National currency,Billions,,514.486,532.038,564.517,590.107,618.529,639.694,670.279,697.954,735.508,760.243,764.365,798.385,828.484,860.172,892.604
Netherlands,"Gross domestic product, constant prices",National currency,Billions,,613.656,636.334,647.205,622.788,631.512,642.018,635.234,632.096,638.498,650.787,662.769,675.267,688.314,701.377,715.173
New Zealand,"Gross domestic product, constant prices",National currency,Billions,,185.134,192.435,191.688,192.256,196.194,199.801,205.472,208.945,215.172,222.482,226.870,232.446,238.161,243.434,249.071
Nicaragua,"Gross domestic product, constant prices",National currency,Billions,,119.235,125.540,129.120,125.557,129.564,137.638,144.702,151.228,158.340,165.466,172.912,180.347,187.561,195.063,202.866
Niger,"Gross domestic product, constant prices",National currency,Billions,,"1,644.251","1,696.302","1,859.987","1,846.748","2,001.136","2,045.350","2,287.720","2,408.247","2,578.025","2,681.157","2,813.316","3,006.991","3,240.318","3,452.999","3,715.199"
Nigeria,"Gross domestic product, constant prices",National currency,Billions,,"39,293.720","42,854.253","46,288.727","50,441.105","55,469.351","58,180.353","60,670.052","63,942.847","67,977.460","69,780.693","71,402.675","73,870.210","76,721.606","79,563.443","82,633.281"
Norway,"Gross domestic product, constant prices",National currency,Billions,,"2,866.226","2,950.200","2,961.537","2,913.485","2,931.022","2,959.417","3,040.765","3,071.134","3,139.152","3,188.287","3,220.102","3,269.024","3,327.793","3,397.440","3,469.121"
Oman,"Gross domestic product, constant prices",National currency,Billions,,17.385,18.159,19.648,20.849,21.850,22.745,24.056,25.185,25.927,26.993,27.487,27.965,28.293,28.576,29.013
Pakistan,"Gross domestic product, constant prices",National currency,Billions,,"7,715.777","8,142.969","8,549.148","8,579.987","8,801.394","9,120.336","9,470.255","9,816.212","10,211.456","10,644.336","11,123.331","11,646.151","12,228.459","12,864.339","13,571.871"
Palau,"Gross domestic product, constant prices",National currency,Billions,,0.188,0.188,0.177,0.161,0.167,0.175,0.181,0.176,0.184,0.201,0.205,0.215,0.224,0.231,0.237
Panama,"Gross domestic product, constant prices",National currency,Billions,,18.694,20.958,22.763,23.127,24.460,27.349,29.873,31.852,33.780,35.732,37.911,40.338,43.040,45.752,48.497
Papua New Guinea,"Gross domestic product, constant prices",National currency,Billions,,8.823,9.454,10.079,10.698,11.519,12.748,13.779,14.542,15.783,17.199,17.737,18.517,18.785,19.384,20.008
Paraguay,"Gross domestic product, constant prices",National currency,Billions,,"18,835.854","19,857.066","21,119.800","20,282.254","22,937.807","23,933.861","23,637.328","26,955.129","28,228.040","29,078.943","29,920.118","30,885.920","31,968.241","33,144.387","34,444.107"
Peru,"Gross domestic product, constant prices",National currency,Billions,,294.598,319.693,348.924,352.585,382.381,407.050,431.273,456.518,467.404,482.627,500.695,521.325,540.000,559.072,578.709
Philippines,"Gross domestic product, constant prices",National currency,Billions,,"4,716.231","5,028.288","5,237.101","5,297.240","5,701.540","5,910.203","6,305.229","6,750.079","7,164.016","7,579.941","8,034.753","8,532.793","9,070.438","9,651.127","10,278.449"
Poland,"Gross domestic product, constant prices",National currency,Billions,,"1,218.758","1,306.529","1,357.750","1,393.515","1,445.060","1,517.437","1,541.136","1,560.626","1,612.658","1,671.313","1,730.993","1,793.175","1,855.188","1,920.054","1,987.219"
Portugal,"Gross domestic product, constant prices",National currency,Billions,,176.741,181.146,181.507,176.101,179.445,176.167,169.070,167.159,168.674,171.157,173.548,175.733,177.772,179.834,181.904
Puerto Rico,"Gross domestic product, constant prices",National currency,Billions,,11.219,11.088,10.884,10.671,10.627,10.589,10.592,10.588,10.582,10.445,10.315,10.166,10.022,9.936,9.856
Qatar,"Gross domestic product, constant prices",National currency,Billions,,317.920,375.100,441.356,494.127,590.938,669.977,702.669,734.863,764.097,789.090,815.926,843.938,868.149,890.920,909.578
Romania,"Gross domestic product, constant prices",National currency,Billions,,499.643,533.937,579.102,538.178,533.881,539.520,542.979,562.155,578.789,600.416,625.634,648.168,669.299,691.114,713.644
Russia,"Gross domestic product, constant prices",National currency,Billions,,"38,543.277","41,833.020","44,028.380","40,584.857","42,412.731","44,221.345","45,772.105","46,357.519","46,703.671","44,953.947","44,122.739","44,480.799","44,925.607","45,599.491","46,283.483"
Rwanda,"Gross domestic product, constant prices",National currency,Billions,,"2,613.000","2,813.000","3,126.000","3,323.000","3,567.000","3,846.000","4,184.000","4,381.000","4,686.000","5,011.418","5,327.137","5,684.055","6,070.571","6,495.511","6,982.674"
Samoa,"Gross domestic product, constant prices",National currency,Billions,,1.677,1.696,1.745,1.633,1.609,1.696,1.704,1.671,1.691,1.719,1.740,1.738,1.770,1.805,1.839
San Marino,"Gross domestic product, constant prices",National currency,Billions,,1.697,1.818,1.848,1.611,1.536,1.391,1.286,1.247,1.235,1.247,1.261,1.276,1.293,1.309,1.326
São Tomé and Príncipe,"Gross domestic product, constant prices",National currency,Billions,,788.495,793.098,857.016,891.403,931.217,975.584,"1,019.443","1,060.221","1,107.931","1,152.248","1,209.861","1,276.403","1,346.605","1,420.668","1,505.908"
Saudi Arabia,"Gross domestic product, constant prices",National currency,Billions,,"1,779.274","1,812.139","1,925.394","1,885.745","1,975.543","2,172.286","2,289.252","2,350.373","2,435.896","2,517.568","2,547.914","2,596.736","2,656.327","2,718.619","2,776.017"
Senegal,"Gross domestic product, constant prices",National currency,Billions,,"4,286.962","4,498.670","4,664.330","4,777.359","4,981.131","5,073.452","5,301.558","5,492.264","5,730.426","6,102.047","6,507.170","6,952.716","7,436.191","7,964.349","8,528.049"
Serbia,"Gross domestic product, constant prices",National currency,Billions,,"2,821.027","2,987.150","3,147.461","3,049.387","3,067.210","3,110.196","3,078.619","3,157.793","3,099.964","3,122.949","3,177.601","3,249.097","3,362.815","3,480.514","3,619.734"
Seychelles,"Gross domestic product, constant prices",National currency,Billions,,5.610,6.195,6.062,5.995,6.352,6.693,6.939,7.289,7.742,8.080,8.350,8.642,8.938,9.235,9.542
Sierra Leone,"Gross domestic product, constant prices",National currency,Billions,,"5,583.531","6,033.470","6,359.258","6,561.915","6,912.757","7,324.841","8,439.110","10,184.694","10,655.586","8,367.561","8,808.591","8,749.898","9,200.559","10,001.067","10,565.733"
Singapore,"Gross domestic product, constant prices",National currency,Billions,,253.397,276.485,281.427,279.729,322.361,342.372,354.937,371.532,383.644,391.349,398.288,406.887,416.915,428.018,439.946
Slovak Republic,"Gross domestic product, constant prices",National currency,Billions,,57.946,64.224,67.854,64.128,67.387,69.302,70.358,71.363,73.162,75.793,78.329,81.013,83.767,86.532,89.301
Slovenia,"Gross domestic product, constant prices",National currency,Billions,,35.156,37.597,38.838,35.809,36.252,36.488,35.496,35.121,36.191,37.233,37.932,38.704,39.360,39.943,40.547
Solomon Islands,"Gross domestic product, constant prices",National currency,Billions,,3.193,3.397,3.638,3.466,3.705,4.184,4.379,4.511,4.600,4.750,4.892,5.052,5.205,5.360,5.521
South Africa,"Gross domestic product, constant prices",National currency,Billions,,"2,491.295","2,624.840","2,708.600","2,666.939","2,748.008","2,836.286","2,899.248","2,963.389","3,009.283","3,047.901","3,066.541","3,103.536","3,167.560","3,243.582","3,321.428"
South Sudan,"Gross domestic product, constant prices",National currency,Billions,,n/a,n/a,n/a,n/a,n/a,32.502,15.462,19.996,20.580,20.544,18.936,20.492,21.964,24.280,26.314
Spain,"Gross domestic product, constant prices",National currency,Billions,,"1,068.185","1,108.449","1,120.825","1,080.750","1,080.939","1,070.104","1,042.081","1,024.652","1,038.569","1,071.941","1,100.279","1,125.128","1,147.310","1,168.595","1,189.298"
Sri Lanka,"Gross domestic product, constant prices",National currency,Billions,,"2,090.565","2,232.656","2,365.501","2,449.213","2,645.542","2,867.893","3,130.150","3,236.441","3,380.719","3,555.926","3,733.722","3,920.408","4,116.429","4,322.250","4,538.363"
St. Kitts and Nevis,"Gross domestic product, constant prices",National currency,Billions,,1.467,1.538,1.591,1.531,1.472,1.444,1.432,1.521,1.613,1.720,1.800,1.850,1.896,1.942,1.991
St. Lucia,"Gross domestic product, constant prices",National currency,Billions,,2.902,2.920,3.001,2.988,2.936,2.957,2.926,2.930,2.943,2.990,3.032,3.090,3.152,3.216,3.281
St. Vincent and the Grenadines,"Gross domestic product, constant prices",National currency,Billions,,1.413,1.456,1.449,1.420,1.386,1.390,1.408,1.440,1.437,1.460,1.492,1.538,1.586,1.636,1.686
Sudan,"Gross domestic product, constant prices",National currency,Billions,,85.289,92.534,95.350,99.813,102.813,101.522,98.057,101.907,105.235,108.918,112.985,117.457,122.064,127.047,132.200
Suriname,"Gross domestic product, constant prices",National currency,Billions,,7.669,8.061,8.395,8.648,9.094,9.573,9.867,10.147,10.334,10.348,10.141,10.395,10.634,10.847,11.118
Swaziland,"Gross domestic product, constant prices",National currency,Billions,,31.785,33.050,34.465,35.105,35.597,36.037,37.128,38.223,39.160,39.810,39.999,40.434,40.972,41.503,42.039
Sweden,"Gross domestic product, constant prices",National currency,Billions,,"3,577.376","3,699.184","3,678.578","3,487.857","3,696.742","3,795.238","3,784.371","3,831.343","3,918.199","4,078.596","4,228.179","4,346.950","4,456.050","4,559.896","4,657.954"
Switzerland,"Gross domestic product, constant prices",National currency,Billions,,565.213,588.598,601.457,588.630,605.464,617.205,624.138,635.264,647.279,652.812,660.922,670.816,682.890,695.182,707.696
Syria,"Gross domestic product, constant prices",National currency,Billions,,"1,215.082","1,284.035","1,341.515","1,420.832","1,469.703",n/a,n/a,n/a,n/a,n/a,n/a,n/a,n/a,n/a,n/a
Taiwan Province of China,"Gross domestic product, constant prices",National currency,Billions,,"11,803.335","12,572.550","12,661.079","12,462.729","13,787.642","14,312.200","14,607.569","14,929.292","15,515.257","15,630.916","15,858.890","16,202.742","16,593.574","17,055.613","17,535.832"
Tajikistan,"Gross domestic product, constant prices",National currency,Billions,,0.125,0.134,0.145,0.151,0.161,0.172,0.185,0.199,0.212,0.219,0.225,0.233,0.244,0.255,0.266
Tanzania,"Gross domestic product, constant prices",National currency,Billions,,"24,681.311","26,770.432","28,260.633","29,781.719","31,675.504","34,179.297","35,936.459","38,546.546","41,231.364","44,104.312","47,136.242","50,340.132","53,711.552","57,288.317","61,063.301"
Thailand,"Gross domestic product, constant prices",National currency,Billions,,"7,188.838","7,579.558","7,710.356","7,653.432","8,227.953","8,296.548","8,896.468","9,136.861","9,211.567","9,471.304","9,754.426","10,068.800","10,382.519","10,704.133","11,031.629"
Timor-Leste,"Gross domestic product, constant prices",National currency,Billions,,0.594,0.662,0.756,0.854,0.934,1.023,1.088,1.118,1.179,1.230,1.291,1.362,1.444,1.538,1.622
Togo,"Gross domestic product, constant prices",National currency,Billions,,"1,014.000","1,035.000","1,060.000","1,097.100","1,141.748","1,196.453","1,267.187","1,335.615","1,407.738","1,482.348","1,559.430","1,640.521","1,729.109","1,822.481","1,920.895"
Tonga,"Gross domestic product, constant prices",National currency,Billions,,0.705,0.701,0.720,0.741,0.765,0.778,0.770,0.765,0.781,0.801,0.824,0.845,0.868,0.892,0.910
Trinidad and Tobago,"Gross domestic product, constant prices",National currency,Billions,,85.795,89.874,92.921,88.842,91.794,91.524,92.708,94.804,93.841,92.191,91.180,92.802,95.303,96.830,98.119
Tunisia,"Gross domestic product, constant prices",National currency,Billions,,42.676,45.345,47.367,48.842,50.105,49.144,51.061,52.310,53.490,53.918,54.996,56.646,58.742,61.268,64.147
Turkey,"Gross domestic product, constant prices",National currency,Billions,,96.738,101.255,101.922,97.003,105.886,115.175,117.625,122.556,126.128,130.971,135.948,140.614,145.536,150.629,155.901
Turkmenistan,"Gross domestic product, constant prices",National currency,Billions,,19.820,22.011,25.257,26.806,29.261,33.575,37.285,41.086,45.312,48.257,50.308,52.572,55.338,58.483,61.983
Tuvalu,"Gross domestic product, constant prices",National currency,Billions,,0.029,0.031,0.034,0.032,0.031,0.034,0.034,0.034,0.035,0.036,0.037,0.038,0.039,0.040,0.040
Uganda,"Gross domestic product, constant prices",National currency,Billions,,"31,030.283","33,532.521","37,029.291","40,017.123","43,084.942","46,023.611","47,233.064","49,142.699","51,565.005","54,162.831","57,026.843","60,250.644","63,794.225","67,693.336","71,952.236"
Ukraine,"Gross domestic product, constant prices",National currency,Billions,,"1,146.515","1,240.711","1,268.546","1,076.533","1,079.346","1,138.338","1,141.055","1,140.750","1,066.001",960.789,975.017,999.782,"1,030.075","1,066.540","1,108.988"
United Arab Emirates,"Gross domestic product, constant prices",National currency,Billions,,917.965,947.197,977.430,926.184,941.331,987.318,"1,058.625","1,104.372","1,154.845","1,200.236","1,228.688","1,260.912","1,300.490","1,345.214","1,395.374"
United Kingdom,"Gross domestic product, constant prices",National currency,Billions,,"1,624.802","1,666.821","1,659.039","1,589.493","1,613.974","1,645.808","1,665.213","1,701.180","1,749.712","1,789.046","1,822.875","1,863.425","1,904.600","1,945.263","1,986.280"
United States,"Gross domestic product, constant prices",National currency,Billions,,"14,613.800","14,873.750","14,830.375","14,418.750","14,783.800","15,020.575","15,354.625","15,583.325","15,961.650","16,348.875","16,741.488","17,160.339","17,567.864","17,942.726","18,294.277"
Uruguay,"Gross domestic product, constant prices",National currency,Billions,,442.438,471.380,505.207,526.646,567.742,597.050,616.890,648.354,671.036,680.954,690.398,708.293,729.765,752.169,775.605
Uzbekistan,"Gross domestic product, constant prices",National currency,Billions,,658.120,720.641,785.499,849.124,921.300,997.768,"1,079.585","1,165.951","1,260.393","1,361.225","1,429.691","1,508.322","1,599.283","1,695.240","1,796.954"
Vanuatu,"Gross domestic product, constant prices",National currency,Billions,,48.611,51.126,54.425,56.227,57.143,57.842,58.858,60.017,61.416,60.924,63.666,66.213,68.729,70.584,72.349
Venezuela,"Gross domestic product, constant prices",National currency,Billions,,51.117,55.591,58.525,56.651,55.808,58.138,61.409,62.234,59.810,56.401,51.889,49.554,48.067,47.587,47.587
Vietnam,"Gross domestic product, constant prices",National currency,Billions,,"1,699,501.269","1,820,667.101","1,923,749.392","2,027,590.911","2,157,828.497","2,292,483.366","2,412,778.384","2,543,596.183","2,695,795.691","2,875,856.192","3,057,035.132","3,246,571.310","3,447,858.731","3,661,625.973","3,888,646.783"
Yemen,"Gross domestic product, constant prices",National currency,Billions,,325.468,336.334,348.602,362.079,389.968,340.384,348.529,365.340,364.651,262.196,263.965,295.465,311.164,322.615,334.450
Zambia,"Gross domestic product, constant prices",National currency,Billions,,69.106,74.878,80.698,88.139,97.216,102.675,110.450,116.118,121.953,126.387,130.716,136.963,144.247,152.086,160.412
Zimbabwe,"Gross domestic product, constant prices",National currency,Billions,,9.410,9.093,7.585,8.157,9.085,10.167,11.241,11.745,12.197,12.379,12.715,13.159,13.641,14.163,14.741
